Complexity,Loss,Equation
1,1.085754,"1.7018131"
5,0.7942074,"sqrt(x1) / 2.3910906"
7,0.7528869,"sqrt(x1 / sqrt(x0))"
