Complexity,Loss,Equation
1,9.301664,"0.52890337"
3,0.5971006,"x0 / x2"
5,0.3555766,"(x0 - 3.927736) * 1.2643495"
7,0.35557637,"(x0 - (x3 * 2.8055377)) * 1.2643559"
