Complexity,Loss,Equation
1,17.713167,"0.64213836"
3,0.9211169,"x0 - 3.8450055"
7,0.72117937,"(x0 * 1.1409938) - exp(x3)"
