Complexity,Loss,Equation
1,15.719592,"x0"
3,1.2192204,"x0 - 3.9433913"
7,1.0753092,"-4.5678253 - ((x0 - x1) * -1.2998818)"
