Complexity,Loss,Equation
1,17.713285,"0.6321024"
3,0.9217142,"x0 - 3.7809093"
5,0.74598193,"(x0 - 3.8131201) * 1.2810515"
