Complexity,Loss,Equation
1,22.406982,"0.7457143"
3,2.859814,"x0 / x2"
5,0.97584814,"(x0 - 3.956713) * 1.0550026"
