Complexity,Loss,Equation
1,19.872255,"0.67931134"
3,1.1074218,"x0 - 3.7154038"
