Complexity,Loss,Equation
1,21.909206,"0.7031754"
3,1.0075394,"x0 - 3.800142"
7,1.0072697,"(x0 - 2.3326087) - exp(x1)"
