Complexity,Loss,Equation
1,1.9300637,"1.8591686"
3,1.9300636,"sqrt(3.4565833)"
7,1.4370892,"sqrt(x1 / sqrt(x0))"
