Complexity,Loss,Equation
1,29.22519,"0.78444654"
3,1.1969852,"x0 - 3.8248184"
7,0.7599498,"x1 - ((4.2724195 - x0) * 1.1414315)"
