Complexity,Loss,Equation
1,27.00069,"0.76709276"
3,1.2351359,"x0 - 3.829442"
