Complexity,Loss,Equation
1,1.085754,"1.7018131"
3,0.8896371,"sqrt(sqrt(x1))"
5,0.833589,"(x1 + x0) / x0"
7,0.7542525,"sqrt((x1 / sqrt(x0)) + 0.8810043)"
9,0.6759767,"(((x1 + x0) / x0) - 0.7063501) / 0.4663548"
15,0.60322374,"((-0.77962565 / (0.26147977 + (x1 - x0))) + (x1 / x0)) + (1.1353426 + -0.3739009)"
17,0.15171383,"((-1.3761 / ((x1 - x0) + 0.5308426)) + ((x1 / x0) + (x1 / x0))) + 0.5464968"
