Complexity,Loss,Equation
1,14.578868,"0.6151038"
3,0.81736875,"x0 - 3.8108757"
7,0.48606086,"(x0 * 1.1810719) - (x3 * 3.2944558)"
