Complexity,Loss,Equation
1,14.578867,"0.6149085"
3,0.81736875,"x0 - 3.8108757"
5,0.8091089,"(x0 - 2.8124454) - x4"
