Complexity,Loss,Equation
1,23.937458,"0.7130575"
3,1.2129228,"x0 - 3.828085"
7,0.8324012,"x0 - exp(5.498519 / x0)"
