Complexity,Loss,Equation
1,1.085754,"1.701929"
3,0.8896371,"sqrt(sqrt(x1))"
5,0.7528869,"sqrt(x1 / sqrt(x0))"
8,0.735519,"((x1 / x0) + sqrt(0.34779564)) / 0.69160086"
9,0.70030135,"(((x1 / x0) + 0.34345108) / 0.5645137) + 0.31643453"
11,0.6701549,"(((x1 + x1) + -1.5574018) / (x0 - -2.3538551)) + 0.82094"
14,0.6523009,"0.60616785 - (((((sqrt(x1) - x1) / x0) / 0.20607157) / 1.8893847) + -0.11246039)"
