Complexity,Loss,Equation
1,1.9300637,"1.8590381"
5,1.1269149,"(x1 / x0) / 0.280303"
7,1.1269147,"x1 / (x0 / (-1.3386422 / -0.37524334))"
