Complexity,Loss,Equation
1,17.716549,"0.5845919"
3,0.92174864,"x0 - 3.8547945"
7,0.6259719,"(-3.3116903 - x4) - (x0 * -1.0956686)"
