Complexity,Loss,Equation
1,12.72539,"0.5773042"
3,0.9579807,"x0 - 3.808747"
