Complexity,Loss,Equation
1,11.94459,"0.52246845"
3,0.78665894,"x0 - 3.8821452"
