Complexity,Loss,Equation
1,27.00069,"0.7671343"
3,1.2351359,"x0 - 3.829442"
5,0.75036806,"(x0 - 3.9337513) * 1.1572635"
