Complexity,Loss,Equation
1,23.937584,"0.70432293"
3,1.2455386,"x0 - 3.6356966"
