Complexity,Loss,Equation
1,27.00069,"0.768368"
3,1.2351358,"x0 - 3.8294425"
7,0.75036806,"-1.3855466 - ((x0 - 2.7365026) * -1.1572654)"
