Complexity,Loss,Equation
1,23.93752,"0.7079039"
3,1.2137883,"x0 - 3.7850924"
7,1.2133621,"(x3 * -1.921322) - (1.1029384 - x0)"
