Complexity,Loss,Equation
1,488.8626,"5.9228373"
2,487.9978,"log(x0)"
4,487.5659,"cos(x1) + 5.919646"
5,0.07728648,"x0 / (1.0 + x1)"
6,0.0,"round(x0 / (x1 + 1.0))"
