Complexity,Loss,Equation
1,21.909296,"0.6892067"
3,1.0107758,"x0 - 3.877425"
5,0.7122556,"(x0 - 3.9988909) * 1.2242365"
