Complexity,Loss,Equation
1,17.715187,"0.59781754"
3,0.92199814,"x0 - 3.7772295"
