Complexity,Loss,Equation
1,15.974396,"x0"
3,1.4450071,"x0 - 3.8117487"
7,0.9581222,"((x3 - x0) - -2.512175) / -0.8749224"
