{
  "raw_equation": "((-0.0012699999999999999 + (0.8180000000000001 * 1/((1.61 + (-1.4385400158977264 + (0.17371049248576317 * x_1)))))) * (3.5100000000000002 + (1.02 * (-3.487143983286775 + (0.21054454238712605 * x_0)))))",
  "parsed_equation": "(-0.0012699999999999999 + 0.8180000000000001/(0.17371049248576317*x_1 + 0.1714599841022737))*(0.21475543323486857*x_0 - 0.046886862952510353)",
  "equation_latex": "\\left(-0.0012699999999999999 + \\frac{0.8180000000000001}{0.17371049248576317 x_{1} + 0.1714599841022737}\\right) \\left(0.21475543323486857 x_{0} - 0.046886862952510353\\right)",
  "metrics": {
    "mse": 23.73214097325215,
    "rmse": 4.871564530338498,
    "mae": 2.7636527756257356,
    "r2": -0.6403693207767522
  },
  "predictions": [
    -0.0200358948792123,
    0.07173431566764508,
    0.16350452621450248,
    0.25527473676135987,
    0.3470449473082172,
    0.4388151578550747,
    0.530585368401932,
    0.6223555789487893,
    0.7141257894956468,
    0.8058960000425042,
    0.8976662105893615,
    -0.01046072996891397,
    0.037452447730828335,
    0.08536562543057065,
    0.13327880313031296,
    0.18119198083005528,
    0.2291051585297976,
    0.27701833622953986,
    0.3249315139292821,
    0.3728446916290245,
    0.42075786932876685,
    0.4686710470285091,
    0.5165842247282513,
    0.5644974024279937,
    0.612410580127736,
    0.6603237578274782,
    0.7082369355272206,
    0.7561501132269629,
    0.8040632909267051,
    0.8519764686264475,
    0.89988964632619,
    0.9478028240259323
  ],
  "actual_values": [
    10.0,
    5.0,
    3.333333333333333,
    2.5,
    2.0,
    1.6666666666666667,
    1.4285714285714286,
    1.25,
    1.1111111111111112,
    1.0,
    0.9090909090909092,
    20.0,
    10.0,
    6.666666666666667,
    5.0,
    4.0,
    3.333333333333333,
    2.857142857142857,
    2.5,
    2.2222222222222223,
    2.0,
    1.818181818181818,
    1.6666666666666667,
    1.5384615384615383,
    1.4285714285714286,
    1.3333333333333333,
    1.25,
    1.1764705882352942,
    1.1111111111111112,
    1.0526315789473684,
    1.0,
    0.9523809523809524
  ]
}