{
  "raw_equation": "(((-0.24300000000000002 + (-26.3 * 1/((1.6 + (-1.4385400158977264 + (0.17371049248576317 * x_1)))))) * (-0.09970000000000001 + (-0.0279 * (-3.487143983286775 + (0.21054454238712605 * x_0))))) - (-0.04990000000000001 + (-0.00818 * 1/((-0.0444 + (-18.3 * (-3.487143983286775 + (0.21054454238712605 * x_0))))))))",
  "parsed_equation": "(-0.24300000000000002 - 26.3/(0.17371049248576317*x_1 + 0.16145998410227369))*(-0.005874192732600817*x_0 - 0.002408682866298984) + 0.04990000000000001 + 0.00818/(63.77033489414798 - 3.8529651256844069*x_0)",
  "equation_latex": "\\left(-0.24300000000000002 - \\frac{26.3}{0.17371049248576317 x_{1} + 0.16145998410227369}\\right) \\left(- 0.005874192732600817 x_{0} - 0.002408682866298984\\right) + 0.04990000000000001 + \\frac{0.00818}{63.77033489414798 - 3.8529651256844069 x_{0}}",
  "metrics": {
    "mse": 0.02765484710248322,
    "rmse": 0.16629746571274986,
    "mae": 0.10730713567518527,
    "r2": 0.9980884926139275
  },
  "predictions": [
    10.025824458692876,
    4.863421122610812,
    3.2254711672599483,
    2.42119438080853,
    1.9432307973325829,
    1.6264833035368897,
    1.4011561214382073,
    1.2326617341266997,
    1.1019062600756853,
    0.9974876148905422,
    0.91217668015997,
    19.607552781633345,
    9.486089827961,
    6.274707703441646,
    4.697834071412584,
    3.7607335799527726,
    3.1397150706638843,
    2.6979361979967873,
    2.3675843079855277,
    2.111223733183634,
    1.9064994255094927,
    1.7392378984251007,
    1.6000180903356662,
    1.482333538983447,
    1.3815461830712144,
    1.2942606200124485,
    1.2179340558762515,
    1.1506244935229315,
    1.090823188180811,
    1.0373402089020707,
    0.9892244530676945,
    0.9457065908949315
  ],
  "actual_values": [
    10.0,
    5.0,
    3.333333333333333,
    2.5,
    2.0,
    1.6666666666666667,
    1.4285714285714286,
    1.25,
    1.1111111111111112,
    1.0,
    0.9090909090909092,
    20.0,
    10.0,
    6.666666666666667,
    5.0,
    4.0,
    3.333333333333333,
    2.857142857142857,
    2.5,
    2.2222222222222223,
    2.0,
    1.818181818181818,
    1.6666666666666667,
    1.5384615384615383,
    1.4285714285714286,
    1.3333333333333333,
    1.25,
    1.1764705882352942,
    1.1111111111111112,
    1.0526315789473684,
    1.0,
    0.9523809523809524
  ]
}