{
  "raw_equation": "((-0.00789 + (40.300000000000004 * 1/(((-0.442 + (-0.276 * (-1.4385400158977264 + (0.17371049248576317 * x_1)))) * (69.9 + (0.009819999999999999 * (-1.4385400158977264 + (0.17371049248576317 * x_1)))))))) * (-1.37 + (-0.384 * (-3.487143983286775 + (0.21054454238712605 * x_0)))))",
  "parsed_equation": "(-0.00789 + 40.300000000000004/((-0.047944095926070639*x_1 - 0.044962955612227484)*(0.0017058370362101942*x_1 + 69.88587353704389)))*(-0.080849104276656405*x_0 - 0.03093671041787849)",
  "equation_latex": "\\left(-0.00789 + \\frac{40.300000000000004}{\\left(- 0.047944095926070639 x_{1} - 0.044962955612227484\\right) \\left(0.0017058370362101942 x_{1} + 69.88587353704389\\right)}\\right) \\left(- 0.080849104276656405 x_{0} - 0.03093671041787849\\right)",
  "metrics": {
    "mse": 23.55249211355465,
    "rmse": 4.853090985501369,
    "mae": 2.737480380797471,
    "r2": -0.6279519633081425
  },
  "predictions": [
    0.03425497005674245,
    0.12377591810527232,
    0.21329686615380217,
    0.302817814202332,
    0.39233876225086195,
    0.48185971029939184,
    0.5713806583479216,
    0.6609016063964516,
    0.7504225544449814,
    0.8399435024935112,
    0.9294644505420412,
    0.018006881950631944,
    0.06506554645824378,
    0.11212421096585563,
    0.1591828754734675,
    0.20624153998107933,
    0.25330020448869117,
    0.30035886899630304,
    0.3474175335039149,
    0.3944761980115267,
    0.44153486251913854,
    0.4885935270267504,
    0.5356521915343623,
    0.582710856041974,
    0.6297695205495859,
    0.6768281850571979,
    0.7238868495648098,
    0.7709455140724215,
    0.8180041785800334,
    0.8650628430876451,
    0.9121215075952571,
    0.959180172102869
  ],
  "actual_values": [
    10.0,
    5.0,
    3.333333333333333,
    2.5,
    2.0,
    1.6666666666666667,
    1.4285714285714286,
    1.25,
    1.1111111111111112,
    1.0,
    0.9090909090909092,
    20.0,
    10.0,
    6.666666666666667,
    5.0,
    4.0,
    3.333333333333333,
    2.857142857142857,
    2.5,
    2.2222222222222223,
    2.0,
    1.818181818181818,
    1.6666666666666667,
    1.5384615384615383,
    1.4285714285714286,
    1.3333333333333333,
    1.25,
    1.1764705882352942,
    1.1111111111111112,
    1.0526315789473684,
    1.0,
    0.9523809523809524
  ]
}