{
  "raw_equation": "(((0.00033 + 1/((1.6 + (-1.4385400158977264 + (0.17371049248576317 * x_1))))) * ((-0.19 + (-0.006849999999999999 * (-3.487143983286775 + (0.21054454238712605 * x_0)))) + (8.120000000000001 + (0.09620000000000001 * (-1.4385400158977264 + (0.17371049248576317 * x_1)))))) * ((7.01 + (1.12 * (-3.487143983286775 + (0.21054454238712605 * x_0)))) * (0.049800000000000004 + (0.00582 * (-3.487143983286775 + (0.21054454238712605 * x_0))))))",
  "parsed_equation": "(0.00033 + 1/(0.17371049248576317*x_1 + 0.16145998410227369))*(0.0012253692366930735*x_0 + 0.029504822017270975)*(0.2358098874735812*x_0 + 3.104398738718811)*(-0.0014422301153518132*x_0 + 0.016710949377130419*x_1 + 7.8154993867561541)",
  "equation_latex": "\\left(0.00033 + \\frac{1}{0.17371049248576317 x_{1} + 0.16145998410227369}\\right) \\left(0.0012253692366930735 x_{0} + 0.029504822017270975\\right) \\left(0.2358098874735812 x_{0} + 3.104398738718811\\right) \\left(- 0.0014422301153518132 x_{0} + 0.016710949377130419 x_{1} + 7.8154993867561541\\right)",
  "metrics": {
    "mse": 22.625210573387967,
    "rmse": 4.756596532541725,
    "mae": 2.649661312086783,
    "r2": -0.5638581172482184
  },
  "predictions": [
    0.3853558094377033,
    0.43176933801956413,
    0.48059655494511544,
    0.5318361423783897,
    0.5854867824834195,
    0.6415471574242371,
    0.7000159493648752,
    0.7608918404693661,
    0.8241735129017426,
    0.8898596488260369,
    0.9579489304062818,
    0.20556510938565628,
    0.23032490466832742,
    0.25637245690340593,
    0.2837070775161322,
    0.31232807793174655,
    0.3422347695754893,
    0.37342646387260087,
    0.40590247224832143,
    0.43966210612789147,
    0.47470467693655133,
    0.5110294960995413,
    0.5486358750421018,
    0.587523125189473,
    0.6276905579668954,
    0.6691374847996093,
    0.7118632171128554,
    0.7558670663318732,
    0.8011483438819037,
    0.8477063611881872,
    0.895540429675964,
    0.9446498607704742
  ],
  "actual_values": [
    10.0,
    5.0,
    3.333333333333333,
    2.5,
    2.0,
    1.6666666666666667,
    1.4285714285714286,
    1.25,
    1.1111111111111112,
    1.0,
    0.9090909090909092,
    20.0,
    10.0,
    6.666666666666667,
    5.0,
    4.0,
    3.333333333333333,
    2.857142857142857,
    2.5,
    2.2222222222222223,
    2.0,
    1.818181818181818,
    1.6666666666666667,
    1.5384615384615383,
    1.4285714285714286,
    1.3333333333333333,
    1.25,
    1.1764705882352942,
    1.1111111111111112,
    1.0526315789473684,
    1.0,
    0.9523809523809524
  ]
}