{
  "raw_equation": "(((3.77 + (-3.487143983286775 + (0.21054454238712605 * x_0))) * (-0.09290000000000001 + (-0.007339999999999999 * (-3.487143983286775 + (0.21054454238712605 * x_0))))) * (-0.0708 + (60.7 * 1/((((-0.14 * (-3.487143983286775 + (0.21054454238712605 * x_0))) - (11.8 + (7.28 * (-1.4385400158977264 + (0.17371049248576317 * x_1))))) + (-0.00041999999999999996 + (-0.028700000000000003 * (-1.4385400158977264 + (0.17371049248576317 * x_1)))))))))",
  "parsed_equation": "(-0.0708 + 60.7/(-0.02947623593419765*x_0 - 1.2695978764306973*x_1 - 0.79836242814813886))*(-0.001545396941121505*x_0 - 0.06730436316267509)*(0.21054454238712605*x_0 + 0.282856016713225)",
  "equation_latex": "\\left(-0.0708 + \\frac{60.7}{- 0.02947623593419765 x_{0} - 1.2695978764306973 x_{1} - 0.79836242814813886}\\right) \\left(- 0.001545396941121505 x_{0} - 0.06730436316267509\\right) \\left(0.21054454238712605 x_{0} + 0.282856016713225\\right)",
  "metrics": {
    "mse": 0.05474525902001756,
    "rmse": 0.23397704806244898,
    "mae": 0.1385962208677894,
    "r2": 0.9962159990767109
  },
  "predictions": [
    10.989380205240982,
    5.091808074337332,
    3.316969590044916,
    2.461498169451735,
    1.9580001205003636,
    1.626315065991,
    1.3913170879505847,
    1.216107420333847,
    1.0804440007241165,
    0.9722957233112125,
    0.8840624204762122,
    19.333545682166957,
    10.111985727898722,
    6.8529548234914435,
    5.186347580921429,
    4.17418816830223,
    3.4942562507977155,
    3.0060388570859713,
    2.638470690803612,
    2.3517474091230017,
    2.1218394318451024,
    1.9333818179217195,
    1.776091814088775,
    1.642828076762746,
    1.5284761571608547,
    1.4292770403977968,
    1.3424060246493854,
    1.2656994210493213,
    1.1974718845013637,
    1.1363911480074824,
    1.081390162443055,
    1.031604228371306
  ],
  "actual_values": [
    10.0,
    5.0,
    3.333333333333333,
    2.5,
    2.0,
    1.6666666666666667,
    1.4285714285714286,
    1.25,
    1.1111111111111112,
    1.0,
    0.9090909090909092,
    20.0,
    10.0,
    6.666666666666667,
    5.0,
    4.0,
    3.333333333333333,
    2.857142857142857,
    2.5,
    2.2222222222222223,
    2.0,
    1.818181818181818,
    1.6666666666666667,
    1.5384615384615383,
    1.4285714285714286,
    1.3333333333333333,
    1.25,
    1.1764705882352942,
    1.1111111111111112,
    1.0526315789473684,
    1.0,
    0.9523809523809524
  ]
}