Complexity,Loss,Equation
1,1.085754,"1.7018096"
5,1.0783509,"(-4.1501193 / x0) + 1.8417537"
7,0.7528869,"sqrt(x1 / sqrt(x0))"
