Complexity,Loss,Equation
1,12.72539,"0.5764585"
3,0.9579808,"x0 - 3.8089044"
5,0.54804933,"1.2247051 * (x0 - 3.9145012)"
