Complexity,Loss,Equation
1,22.418938,"0.5661457"
3,1.2227662,"x0 - 3.956101"
