Complexity,Loss,Equation
1,23.939646,"0.7621682"
3,1.2207036,"x0 - 3.9056032"
7,0.7671104,"x0 - exp(5.364947 - x0)"
