Complexity,Loss,Equation
1,23.937508,"0.72242993"
3,1.2129148,"x0 - 3.8056004"
7,0.8746394,"-4.071705 - ((-8.865104 / x2) - x0)"
