Complexity,Loss,Equation
1,9.301665,"0.52884597"
3,0.5971006,"x0 / x2"
5,0.35557652,"(x0 - 3.9276278) / 0.7908894"
