Complexity,Loss,Equation
1,2.4399328,"1.877296"
4,1.7059447,"exp(x1 / x0)"
5,1.5769929,"(x1 / x0) / 0.2764143"
6,1.4723556,"exp((x1 / x0) / 0.7463383)"
8,0.9649971,"1.0016418 / cos((x1 / x0) / -0.7013643)"
9,0.96027786,"0.9207516 / sin(cos((x1 / x0) / -0.694639))"
10,0.70987415,"0.92464954 / cos(x1 / ((x0 * 0.671728) + 2.8642952))"
12,0.651422,"(0.6199671 / cos(x1 / ((x0 * 0.65531695) + 2.4994388))) + 0.4975694"
16,0.6469674,"(0.6166251 / cos(x1 / ((x0 * 0.6556083) + ((x1 / x0) * 2.4820354)))) + 0.5131219"
