Complexity,Loss,Equation
1,11.942758,"0.5471146"
3,1.7296659,"x0 / x2"
7,0.7858655,"x0 - exp(x3 - 0.04518343)"
