Complexity,Loss,Equation
1,1.085754,"1.7018131"
3,0.8896371,"sqrt(sqrt(x1))"
5,0.7528869,"sqrt(x1 / sqrt(x0))"
7,0.71833193,"sqrt((x1 / sqrt(x0)) + 0.32507572)"
10,0.6807494,"(((x1 / 0.6563964) / x0) / 0.6959615) + sqrt(0.4559011)"
14,0.6611917,"(x1 + (x1 + x0)) / (sqrt(x0 + (9.954904 - x1)) + x0)"
