Complexity,Loss,Equation
1,15.974396,"x0"
3,1.4450071,"x0 - 3.8117487"
5,0.95812196,"-4.4716477 - (x0 * -1.1430207)"
