Complexity,Loss,Equation
1,23.940252,"0.7681987"
3,1.213635,"x0 - 3.845694"
7,0.83291084,"x0 - exp(5.506175 / x0)"
