Complexity,Loss,Equation
1,17.714415,"0.60745764"
3,1.886484,"x0 / x2"
5,1.1870134,"(x0 - 3.7181444) * 0.9466745"
7,0.9003603,"x0 - exp(x4 - -0.34772393)"
