Complexity,Loss,Equation
1,12.7253895,"0.57645607"
3,0.957981,"x0 - 3.8087833"
7,0.94082797,"-1.0935625 - (exp(x4) - x0)"
