Complexity,Loss,Equation
1,19.872223,"0.6758482"
3,1.1017016,"x0 - 3.8900757"
5,0.8288921,"(3.9328055 - x0) / -0.9351556"
