Complexity,Loss,Equation
1,14.578867,"0.6150075"
3,0.81736875,"x0 - 3.8108757"
7,0.48606092,"(x3 * (x0 * 0.84363663)) - 4.6123843"
