Complexity,Loss,Equation
1,1.085754,"1.7018131"
3,0.8896371,"sqrt(sqrt(x1))"
5,0.7928618,"(x1 / x0) + 1.2019541"
7,0.7253275,"sqrt((x1 / sqrt(x0)) + 0.55946094)"
9,0.6779162,"((x1 / x0) + (x1 / x0)) + 0.6957971"
