Complexity,Loss,Equation
1,9.301665,"0.5289039"
3,0.5971006,"x0 / x2"
7,0.050369523,"(x0 / (x2 - -2.0732603)) * 3.380043"
