{
  "raw_equation": "((-0.0062699999999999995 + (-0.08410000000000001 * 1/((1.6 + (-1.4385400158977264 + (0.17371049248576317 * x_1)))))) * (-31.7 + (-8.82 * (-3.487143983286775 + (0.21054454238712605 * x_0)))))",
  "parsed_equation": "(-0.0062699999999999995 - 0.08410000000000001/(0.17371049248576317*x_1 + 0.16145998410227369))*(-1.8570028638544518*x_0 - 0.9433900674106428)",
  "equation_latex": "\\left(-0.0062699999999999995 - \\frac{0.08410000000000001}{0.17371049248576317 x_{1} + 0.16145998410227369}\\right) \\left(- 1.8570028638544518 x_{0} - 0.9433900674106428\\right)",
  "metrics": {
    "mse": 23.390036892925842,
    "rmse": 4.836324729887959,
    "mae": 2.687138199650501,
    "r2": -0.6167230328791575
  },
  "predictions": [
    0.0477040429175769,
    0.14160639293756672,
    0.23550874295755653,
    0.32941109297754634,
    0.42331344299753615,
    0.5172157930175261,
    0.6111181430375159,
    0.7050204930575057,
    0.7989228430774955,
    0.8928251930974854,
    0.9867275431174751,
    0.02773747313011319,
    0.08233691064601109,
    0.13693634816190897,
    0.1915357856778069,
    0.2461352231937048,
    0.30073466070960264,
    0.3553340982255006,
    0.40993353574139846,
    0.46453297325729637,
    0.5191324107731943,
    0.5737318482890922,
    0.62833128580499,
    0.682930723320888,
    0.7375301608367859,
    0.7921295983526837,
    0.8467290358685816,
    0.9013284733844796,
    0.9559279109003773,
    1.0105273484162753,
    1.0651267859321731,
    1.1197262234480712
  ],
  "actual_values": [
    10.0,
    5.0,
    3.333333333333333,
    2.5,
    2.0,
    1.6666666666666667,
    1.4285714285714286,
    1.25,
    1.1111111111111112,
    1.0,
    0.9090909090909092,
    20.0,
    10.0,
    6.666666666666667,
    5.0,
    4.0,
    3.333333333333333,
    2.857142857142857,
    2.5,
    2.2222222222222223,
    2.0,
    1.818181818181818,
    1.6666666666666667,
    1.5384615384615383,
    1.4285714285714286,
    1.3333333333333333,
    1.25,
    1.1764705882352942,
    1.1111111111111112,
    1.0526315789473684,
    1.0,
    0.9523809523809524
  ]
}