{
  "raw_equation": "(((0.028100000000000003 + (0.00874 * (-3.487143983286775 + (0.21054454238712605 * x_0)))) * (-0.562 + (-0.467 * 1/((-0.0067599999999999995 + (-0.00413 * (-1.4385400158977264 + (0.17371049248576317 * x_1)))))))) - (0.020900000000000002 + (0.0485 * (-3.487143983286775 + (0.21054454238712605 * x_0)))))",
  "parsed_equation": "-0.010211410305775614*x_0 + (-0.562 - 0.467/(-0.00071742433396620189*x_1 - 0.00081882973434238949))*(0.0018401593004634816*x_0 - 0.0023776384139264089) + 0.14822648318940859",
  "equation_latex": "- 0.010211410305775614 x_{0} + \\left(-0.562 - \\frac{0.467}{- 0.00071742433396620189 x_{1} - 0.00081882973434238949}\\right) \\left(0.0018401593004634816 x_{0} - 0.0023776384139264089\\right) + 0.14822648318940859",
  "metrics": {
    "mse": 23.3652807416494,
    "rmse": 4.833764655178135,
    "mae": 2.7108411944988573,
    "r2": -0.6150118838049905
  },
  "predictions": [
    0.010647791890226164,
    0.10691460251868748,
    0.20318141314714877,
    0.2994482237756101,
    0.3957150344040713,
    0.49198184503253267,
    0.5882486556609939,
    0.6845154662894553,
    0.7807822769179166,
    0.8770490875463779,
    0.9733158981748392,
    0.0763554913761174,
    0.12176821350533197,
    0.16718093563454653,
    0.21259365776376107,
    0.2580063798929757,
    0.30341910202219013,
    0.34883182415140473,
    0.39424454628061933,
    0.4396572684098338,
    0.4850699905390484,
    0.5304827126682629,
    0.5758954347974776,
    0.6213081569266921,
    0.6667208790559067,
    0.7121336011851213,
    0.7575463233143357,
    0.8029590454435503,
    0.8483717675727648,
    0.8937844897019794,
    0.9391972118311939,
    0.9846099339604082
  ],
  "actual_values": [
    10.0,
    5.0,
    3.333333333333333,
    2.5,
    2.0,
    1.6666666666666667,
    1.4285714285714286,
    1.25,
    1.1111111111111112,
    1.0,
    0.9090909090909092,
    20.0,
    10.0,
    6.666666666666667,
    5.0,
    4.0,
    3.333333333333333,
    2.857142857142857,
    2.5,
    2.2222222222222223,
    2.0,
    1.818181818181818,
    1.6666666666666667,
    1.5384615384615383,
    1.4285714285714286,
    1.3333333333333333,
    1.25,
    1.1764705882352942,
    1.1111111111111112,
    1.0526315789473684,
    1.0,
    0.9523809523809524
  ]
}