{
  "raw_equation": "((((0.0060799999999999995 + 1/(((-7.73 + (-4.75 * (-1.4385400158977264 + (0.17371049248576317 * x_1)))) - (0.00654 + (0.00847 * (-1.4385400158977264 + (0.17371049248576317 * x_1))))))) * (1.9000000000000001 + (0.595 * (-3.487143983286775 + (0.21054454238712605 * x_0))))) * (-7.6000000000000005 + (-0.00921 * (-3.487143983286775 + (0.21054454238712605 * x_0))))) + (0.0199 + (-0.00486 * (-1.4385400158977264 + (0.17371049248576317 * x_1)))))",
  "parsed_equation": "-0.00084423299348080896*x_1 + (0.0060799999999999995 + 1/(-0.82659616717872947*x_1 - 0.89129049055114628))*(-0.0019391152353854308*x_0 - 7.5678834039139293)*(0.12527400272033999*x_0 - 0.17485067005563091) + 0.026891304477262951",
  "equation_latex": "- 0.00084423299348080896 x_{1} + \\left(0.0060799999999999995 + \\frac{1}{- 0.82659616717872947 x_{1} - 0.89129049055114628}\\right) \\left(- 0.0019391152353854308 x_{0} - 7.5678834039139293\\right) \\left(0.12527400272033999 x_{0} - 0.17485067005563091\\right) + 0.026891304477262951",
  "metrics": {
    "mse": 0.033283382751037385,
    "rmse": 0.18243733924566372,
    "mae": 0.10219202954188973,
    "r2": 0.9976994473436676
  },
  "predictions": [
    9.152899386491548,
    4.73696484482282,
    3.1895870811154428,
    2.4006363325578652,
    1.9220696896668947,
    1.600693408259078,
    1.3698850855226854,
    1.1960107858903284,
    1.060256115676986,
    0.9512739950403246,
    0.8618144040595097,
    19.80972106317896,
    10.238100740478373,
    6.8847710308903975,
    5.175515311843651,
    4.1390922121664575,
    3.4434172394889138,
    2.944070222242507,
    2.568141470290528,
    2.274846234820677,
    2.0395869758393514,
    1.8466475216587661,
    1.685516478088178,
    1.548897370786785,
    1.4315668427631973,
    1.3296872021982102,
    1.240375509939179,
    1.1614240567808833,
    1.09111361160841,
    1.0280854018769499,
    0.9712513502399927,
    0.919729862626222
  ],
  "actual_values": [
    10.0,
    5.0,
    3.333333333333333,
    2.5,
    2.0,
    1.6666666666666667,
    1.4285714285714286,
    1.25,
    1.1111111111111112,
    1.0,
    0.9090909090909092,
    20.0,
    10.0,
    6.666666666666667,
    5.0,
    4.0,
    3.333333333333333,
    2.857142857142857,
    2.5,
    2.2222222222222223,
    2.0,
    1.818181818181818,
    1.6666666666666667,
    1.5384615384615383,
    1.4285714285714286,
    1.3333333333333333,
    1.25,
    1.1764705882352942,
    1.1111111111111112,
    1.0526315789473684,
    1.0,
    0.9523809523809524
  ]
}