Complexity,Loss,Equation
1,21.917463,"0.6087085"
3,1.008884,"x0 - 3.7771323"
