Complexity,Loss,Equation
1,11.942137,"0.57272196"
3,0.7850459,"x0 - 3.869045"
5,0.45633033,"(x0 * 1.2629284) - 5.0075083"
