Complexity,Loss,Equation
1,9.301665,"0.5289019"
3,0.5971006,"x0 / x2"
5,0.35557655,"-4.9660397 - (x0 * -1.2643517)"
