Complexity,Loss,Equation
1,1.085754,"1.7018077"
3,0.8896371,"sqrt(sqrt(x1))"
5,0.7528869,"sqrt(x1 / sqrt(x0))"
9,0.6695741,"((x1 / (x0 - -0.9837539)) / 0.4389854) - -0.6110755"
13,0.6566055,"((x1 / ((x0 - -3.2349167) + sqrt(sqrt(x0)))) / 0.39286652) - -0.6102089"
14,0.64704883,"sqrt(((x1 / x0) + 2.7992964) - (1.2162576 / ((x1 - x0) - -0.868328)))"
