Complexity,Loss,Equation
1,22.403793,"0.68976253"
3,1.2208608,"x0 - 3.9494147"
5,1.2110219,"x1 - (4.1126685 - x0)"
7,1.2018933,"-3.8301778 - ((x1 - x1) - x0)"
