Complexity,Loss,Equation
1,19.28611,"0.7362912"
3,0.972014,"x0 - 3.8345082"
7,0.62527263,"(x0 * 1.1213372) - (6.2136073 / x3)"
