Complexity,Loss,Equation
1,9.301666,"0.5287884"
3,0.5971006,"x0 / x2"
7,0.37737638,"(x4 / -0.20419547) - (x0 * -1.2487181)"
