Complexity,Loss,Equation
1,15.974396,"x0"
3,1.4450071,"x0 - 3.8117487"
5,0.9581219,"(x0 - 3.9121294) * 1.1430217"
