Complexity,Loss,Equation
1,2.438188,"1.8761919"
4,1.7041639,"exp(x1 / x0)"
6,1.0802721,"tan((x1 / x0) + 56.96052)"
18,0.9096459,"tan(abs(exp((((((x1 * 0.6133458) / x0) ^ 1.2493532) / (x0 + 1.821802)) * x1) ^ 1.5795069)))"
