Complexity,Loss,Equation
1,29.52897,"0.7810936"
3,1.3466339,"x0 - 3.9011116"
7,1.0870211,"(x0 * 1.0462492) - exp(x3)"
