Complexity,Loss,Equation
1,19.279766,"0.6519248"
3,0.9718442,"x0 - 3.8245854"
