Complexity,Loss,Equation
1,1.9300637,"1.8591012"
5,1.4859573,"(x1 / x0) - -1.3591619"
7,1.2347481,"(x1 + (x1 + x1)) / x0"
