Complexity,Loss,Equation
1,19.872211,"0.67129344"
3,1.100103,"x0 - 3.87774"
5,0.7821889,"-5.0128174 - (x0 * -1.2693504)"
