Complexity,Loss,Equation
1,15.937101,"x0"
3,1.3403462,"x0 - 3.8345807"
7,1.1140102,"((x0 * x3) * 0.7433435) - 4.0508275"
