Complexity,Loss,Equation
1,1.085754,"1.7018077"
3,0.8896371,"sqrt(sqrt(x1))"
5,0.7528869,"sqrt(x1 / sqrt(x0))"
7,0.72696954,"sqrt((x1 - -0.5815178) / sqrt(x0))"
9,0.68490696,"((x1 / (x0 + -0.9507618)) + 0.29847467) / 0.47946003"
11,0.68479663,"(((x1 / (x0 + -0.951476)) + 0.31301844) / 0.6279658) / 0.7759765"
13,0.6793862,"(((x1 - -0.75330895) - (2.0878038 - x1)) / (x0 + 0.09983723)) + 0.8267474"
15,0.6687609,"((x0 + (x1 - sqrt(x1))) + (x1 - sqrt(x0))) / (x0 / 1.014472)"
