Complexity,Loss,Equation
1,14.578867,"0.6150074"
3,0.81736875,"x0 - 3.8108757"
7,0.48606077,"x3 * (-3.2945285 - (x0 * -0.84363186))"
