Complexity,Loss,Equation
1,1.9300637,"1.8591686"
7,1.12675,"(x1 / 0.27824986) / (x0 - -0.956279)"
