Complexity,Loss,Equation
1,29.52902,"0.7919319"
3,1.3405405,"x0 - 3.8008509"
7,0.91671765,"(x0 * 0.99349403) - (15.337895 / x0)"
