Complexity,Loss,Equation
1,1.9300637,"1.8591686"
7,1.1269149,"(x1 / 2.094291) / (x0 / 7.4714713)"
