Complexity,Loss,Equation
1,21.909792,"0.7241426"
3,10.539361,"x0 * 0.4307671"
