Complexity,Loss,Equation
1,488.86258,"5.9196553"
2,487.9978,"log(x0)"
4,487.57263,"6.0 + cos(x1)"
5,0.07728645,"x0 / (x1 + 0.9999979)"
6,0.0,"round(x0 / (x1 + 1.0))"
