Complexity,Loss,Equation
1,14.578867,"0.6149086"
3,0.81736875,"x0 - 3.8108757"
7,0.4860609,"(2.9181695 - (x0 * 0.74726367)) * -1.5805544"
