Complexity,Loss,Equation
1,12.7253895,"0.5756374"
3,0.9579808,"x0 - 3.8089042"
7,0.54804915,"x3 * ((x0 * 0.8748075) - 3.424477)"
