Complexity,Loss,Equation
1,22.403805,"0.69230384"
3,1.2022713,"x0 - 3.7824464"
5,0.8227453,"-4.8302207 - (x0 * -1.2182451)"
