Complexity,Loss,Equation
1,19.27975,"0.65413326"
3,0.9721928,"x0 - 3.8019757"
