Complexity,Loss,Equation
1,15.571803,"x0"
3,0.99641937,"x0 - 3.9777966"
5,0.97284687,"(x0 - 2.452858) - x3"
