Complexity,Loss,Equation
1,32.056614,"0.8017619"
3,1.4450071,"x0 - 3.8117487"
7,0.9505792,"((x0 - x4) * 1.142307) - 3.3278399"
