Complexity,Loss,Equation
1,14.578867,"0.6151068"
3,0.81736875,"x0 - 3.8108757"
5,0.48606077,"(x0 * 1.1810964) - 4.6124234"
