Complexity,Loss,Equation
1,19.279772,"0.66204095"
3,1.0144075,"x0 - 3.61465"
7,0.75714517,"(x3 * -0.758128) * (3.9702663 - x0)"
