Complexity,Loss,Equation
1,1.085754,"1.7018077"
3,0.8896371,"sqrt(sqrt(x1))"
5,0.7528869,"sqrt(x1 / sqrt(x0))"
6,0.75114363,"sqrt((x1 + 2.248171) / 6.3985944)"
7,0.7354184,"sqrt((x1 / sqrt(x0)) - -0.05572355)"
9,0.7323249,"sqrt((x1 / sqrt(x0 - 1.4540792)) - -0.05572355)"
11,0.67047673,"((((x1 + -4.152606) + x1) - x0) / x0) - -1.8419007"
13,0.6690154,"((((x0 + -0.8954855) - 2.2442477) + (x1 / 0.46563104)) / x0) - 0.26437032"
