Complexity,Loss,Equation
1,9.301666,"0.5289165"
3,0.5971006,"x0 / x2"
5,0.35557655,"(x0 * 1.2643636) - 4.966464"
