Complexity,Loss,Equation
1,1.085754,"1.7018131"
5,0.7796971,"(x1 / x0) / 0.32535243"
7,0.7528869,"sqrt(x1 / sqrt(x0))"
