Complexity,Loss,Equation
1,1.085754,"1.7018096"
7,0.6778799,"((x1 + x1) / x0) - -0.70186245"
