Complexity,Loss,Equation
1,12.725392,"0.57627195"
3,0.95798093,"x0 - 3.8087847"
