Complexity,Loss,Equation
1,1.085754,"1.7018096"
3,0.8896371,"sqrt(sqrt(x1))"
5,0.7528869,"sqrt(x1 / sqrt(x0))"
7,0.71496797,"sqrt((x1 + 1.7628) / sqrt(x0))"
9,0.6778799,"((x1 / x0) + (x1 / x0)) + 0.7018023"
11,0.66681117,"(((x1 + -1.5489467) / (x0 - -0.47277033)) + 0.33580905) / 0.4562367"
12,0.65135205,"((x1 + 5.375721) / (sqrt(x0 - 1.1233358) / 0.34831482)) + 0.2986125"
