Complexity,Loss,Equation
1,12.7253895,"0.5756108"
3,0.9579808,"x0 - 3.8085876"
7,0.5480491,"(x3 - (x0 - 2.5145562)) * -1.2246746"
