Complexity,Loss,Equation
1,32.056614,"0.8008462"
3,1.4450071,"x0 - 3.8117487"
