Complexity,Loss,Equation
1,22.403954,"0.6761963"
3,1.2035772,"x0 - 3.764658"
