Complexity,Loss,Equation
1,1.9300636,"1.8591231"
7,1.4574257,"sqrt(sqrt(x1)) + -0.82191193"
