Complexity,Loss,Equation
1,19.27976,"0.6614953"
3,0.9718309,"x0 - 3.8210468"
7,0.6190421,"(-13.47646 / x0) - (x1 - x0)"
