Complexity,Loss,Equation
1,19.280334,"0.6809411"
3,0.9750429,"x0 - 3.8776596"
5,0.67326903,"(x0 - 3.9855402) * 1.2421399"
