Complexity,Loss,Equation
1,27.000689,"0.76837"
3,1.2351358,"x0 - 3.8294425"
5,0.75036806,"-4.552406 - (x0 * -1.1572665)"
