Complexity,Loss,Equation
1,21.90964,"0.7207792"
3,1.0092679,"x0 - 3.8630342"
7,0.6421998,"((x0 * 1.384818) - 5.4730406) / 1.2261776"
