Complexity,Loss,Equation
1,11.9742365,"0.39281607"
3,0.78711957,"x0 - 3.885446"
