Complexity,Loss,Equation
1,9.301664,"0.52890337"
3,0.5971006,"x0 / x2"
7,0.3555765,"((x0 - 0.40326026) * 1.2643579) - 4.4561367"
