Complexity,Loss,Equation
1,27.000689,"0.76837003"
3,1.235136,"x0 - 3.8294544"
5,0.75036806,"(x0 * 1.157266) - 4.5523996"
