Complexity,Loss,Equation
1,29.529766,"0.7565983"
3,1.369575,"x0 - 3.6490602"
5,1.3545237,"-3.5404832 - (x1 - x0)"
7,0.94329685,"x0 - exp(5.521404 / x0)"
