Complexity,Loss,Equation
1,27.00069,"0.76709664"
3,1.2351359,"x0 - 3.829442"
5,0.7503682,"(x0 - 3.933754) * 1.1572651"
