Complexity,Loss,Equation
1,1.9300637,"1.8591557"
5,1.1269149,"(x1 / 0.28027815) / x0"
