Complexity,Loss,Equation
1,9.301666,"0.5287304"
3,0.5971006,"x0 / x2"
5,0.3555766,"(x0 - 3.9277663) * 1.2642237"
7,0.29694876,"x0 * exp(x2 * -0.07952882)"
