Complexity,Loss,Equation
1,12.7253895,"0.57563865"
3,0.957981,"x0 - 3.8087833"
5,0.54804915,"(3.914553 - x0) / -0.8165504"
