Complexity,Loss,Equation
1,19.280039,"0.63912183"
3,0.97186637,"x0 - 3.8150368"
7,0.6774803,"(-1.8501254 / x1) - (x0 / -0.81696874)"
